category,status,Name,@timestamp,tag,type,SiteCode
apic,online,sdc-spine-102.internal.synopsys.com,2022-01-12 00:15:02.765974,1,spine,SDC
apic,online,sdc-leaf-210.internal.synopsys.com,2022-01-12 00:15:02.765974,1,leaf,SDC
apic,online,sdc-spine-101.internal.synopsys.com,2022-01-12 00:15:02.765974,1,spine,SDC
apic,online,sdc-leaf-211.internal.synopsys.com,2022-01-12 00:15:02.765974,1,leaf,SDC
apic,online,sdc-leaf-209.internal.synopsys.com,2022-01-12 00:15:02.765974,1,leaf,SDC
apic,online,sdc-leaf-208.internal.synopsys.com,2022-01-12 00:15:02.765974,1,leaf,SDC
apic,online,sdc-leaf-206.internal.synopsys.com,2022-01-12 00:15:02.765974,1,leaf,SDC
apic,online,sdc-leaf-207.internal.synopsys.com,2022-01-12 00:15:02.765974,1,leaf,SDC
apic,online,sdc-leaf-205.internal.synopsys.com,2022-01-12 00:15:02.765974,1,leaf,SDC
apic,online,sdc-leaf-204.internal.synopsys.com,2022-01-12 00:15:02.765974,1,leaf,SDC
apic,online,sdc-leaf-202.internal.synopsys.com,2022-01-12 00:15:02.765974,1,leaf,SDC
apic,online,sdc-leaf-203.internal.synopsys.com,2022-01-12 00:15:02.765974,1,leaf,SDC
apic,online,sdc-leaf-201.internal.synopsys.com,2022-01-12 00:15:02.765974,1,leaf,SDC
apic,online,sdc-fabric-leaf204-p2p-us1a.internal.synopsys.com,2022-01-12 00:15:02.765974,1,leaf,SDC
apic,online,sdc-fabric-leaf203-p2p-us1a.internal.synopsys.com,2022-01-12 00:15:02.765974,1,leaf,SDC
apic,online,sdc-fabric-l3-out-sig-leaf204.internal.synopsys.com,2022-01-12 00:15:02.765974,1,leaf,SDC
apic,online,sdc-fabric-l3-out-sig-leaf203.internal.synopsys.com,2022-01-12 00:15:02.765974,1,leaf,SDC
apic,online,sc5-to-core-l3-leaf202.internal.synopsys.com,2022-01-12 00:15:02.765974,1,leaf,SC5
apic,online,sc5-to-core-l3-leaf201.internal.synopsys.com,2022-01-12 00:15:02.765974,1,leaf,SC5
apic,online,mdc-spine2-102.internal.synopsys.com,2022-01-12 00:15:02.765974,1,spine,MDC
apic,online,mdc-spine1-101.internal.synopsys.com,2022-01-12 00:15:02.765974,1,spine,MDC
apic,online,mdc-leaf-201-rack1.internal.synopsys.com,2022-01-12 00:15:02.765974,1,leaf,MDC
apic,online,hqdmz-spine-102-rleaf-us03.internal.synopsys.com,2022-01-12 00:15:02.765974,1,spine,HQDMZ
apic,online,hqdmz-spine-101-rleaf-us03.internal.synopsys.com,2022-01-12 00:15:02.765974,1,spine,HQDMZ
apic,online,hqdc-spine-102-mgmt.internal.synopsys.com,2022-01-12 00:15:02.765974,1,spine,HQDC
apic,online,hqdc-spine-101-mgmt.internal.synopsys.com,2022-01-12 00:15:02.765974,1,spine,HQDC
apic,online,hqdc-leaf254-snps-10gfiber-d6-e1-51.internal.synopsys.com,2022-01-12 00:15:02.765974,1,leaf,HQDC
apic,online,hqdc-leaf253-snps-10gfiber-d5-e1-51.internal.synopsys.com,2022-01-12 00:15:02.765974,1,leaf,HQDC
apic,online,hqdc-leaf-sl-202.internal.synopsys.com,2022-01-12 00:15:02.765974,1,leaf,HQDC
apic,online,hqdc-leaf-sl-201.internal.synopsys.com,2022-01-12 00:15:02.765974,1,leaf,HQDC
apic,online,hqdc-leaf-619-dsa-b8.internal.synopsys.com,2022-01-12 00:15:02.765974,1,leaf,HQDC
apic,online,hqdc-leaf-618-dsa-b9.internal.synopsys.com,2022-01-12 00:15:02.765974,1,leaf,HQDC
apic,online,hqdc-leaf-617-dsa-b6.internal.synopsys.com,2022-01-12 00:15:02.765974,1,leaf,HQDC
apic,online,hqdc-leaf-616-dsa-b7.internal.synopsys.com,2022-01-12 00:15:02.765974,1,leaf,HQDC
apic,online,hqdc-leaf-616-dsa-b7.internal.synopsys.com,2022-01-12 00:15:02.765974,1,leaf,HQDC
apic,online,hqdc-leaf-615-dsa-b11.internal.synopsys.com,2022-01-12 00:15:02.765974,1,leaf,HQDC
apic,online,hqdc-leaf-613-dsa-a13.internal.synopsys.com,2022-01-12 00:15:02.765974,1,leaf,HQDC
apic,online,hqdc-leaf-612-dsa-a12.internal.synopsys.com,2022-01-12 00:15:02.765974,1,leaf,HQDC
apic,online,hqdc-leaf-611-dsa-a11.internal.synopsys.com,2022-01-12 00:15:02.765974,1,leaf,HQDC
apic,online,hqdc-leaf-610-dsa-a10.internal.synopsys.com,2022-01-12 00:15:02.765974,1,leaf,HQDC
apic,online,hqdc-leaf-609-dsa-a9.internal.synopsys.com,2022-01-12 00:15:02.765974,1,leaf,HQDC
apic,online,hqdc-leaf-608-dsa-a8.internal.synopsys.com,2022-01-12 00:15:02.765974,1,leaf,HQDC
apic,online,hqdc-leaf-607-dsa-a7.internal.synopsys.com,2022-01-12 00:15:02.765974,1,leaf,HQDC
apic,online,hqdc-leaf-606-dsa-a6.internal.synopsys.com,2022-01-12 00:15:02.765974,1,leaf,HQDC
apic,online,hqdc-leaf-605-dsa-a5.internal.synopsys.com,2022-01-12 00:15:02.765974,1,leaf,HQDC
apic,online,hqdc-leaf-604-dsa-a4.internal.synopsys.com,2022-01-12 00:15:02.765974,1,leaf,HQDC
apic,online,hqdc-leaf-603-dsa-a3.internal.synopsys.com,2022-01-12 00:15:02.765974,1,leaf,HQDC
apic,online,hqdc-leaf-602-dsa-a2.internal.synopsys.com,2022-01-12 00:15:02.765974,1,leaf,HQDC
apic,online,hqdc-leaf-601-dsa-a1.internal.synopsys.com,2022-01-12 00:15:02.765974,1,leaf,HQDC
apic,online,hqdc-leaf-505-sdv-b3.internal.synopsys.com,2022-01-12 00:15:02.765974,1,leaf,HQDC
apic,online,hqdc-leaf-503-sdv-a3.internal.synopsys.com,2022-01-12 00:15:02.765974,1,leaf,HQDC
apic,online,hqdc-leaf-502-sdv-a2.internal.synopsys.com,2022-01-12 00:15:02.765974,1,leaf,HQDC
apic,online,hqdc-leaf-501-sdv-a1.internal.synopsys.com,2022-01-12 00:15:02.765974,1,leaf,HQDC
apic,online,hqdc-leaf-409-lava-c3.internal.synopsys.com,2022-01-12 00:15:02.765974,1,leaf,HQDC
apic,online,hqdc-leaf-408-lava-b4.internal.synopsys.com,2022-01-12 00:15:02.765974,1,leaf,HQDC
apic,online,hqdc-leaf-407-lava-b3.internal.synopsys.com,2022-01-12 00:15:02.765974,1,leaf,HQDC
apic,online,hqdc-leaf-406-lava-b2.internal.synopsys.com,2022-01-12 00:15:02.765974,1,leaf,HQDC
apic,online,hqdc-leaf-405-lava-b1.internal.synopsys.com,2022-01-12 00:15:02.765974,1,leaf,HQDC
apic,online,hqdc-leaf-404-lava-a4.internal.synopsys.com,2022-01-12 00:15:02.765974,1,leaf,HQDC
apic,online,hqdc-leaf-403-lava-a3.internal.synopsys.com,2022-01-12 00:15:02.765974,1,leaf,HQDC
apic,online,hqdc-leaf-402-lava-a2.internal.synopsys.com,2022-01-12 00:15:02.765974,1,leaf,HQDC
apic,online,hqdc-leaf-401-lava-a1.internal.synopsys.com,2022-01-12 00:15:02.765974,1,leaf,HQDC
apic,online,hqdc-leaf-328-intel-10gfiber-d7.internal.synopsys.com,2022-01-12 00:15:02.765974,1,leaf,HQDC
apic,online,hqdc-leaf-327-intel-40gfiber-d6.internal.synopsys.com,2022-01-12 00:15:02.765974,1,leaf,HQDC
apic,online,hqdc-leaf-326-intel-40gfiber-d5.internal.synopsys.com,2022-01-12 00:15:02.765974,1,leaf,HQDC
apic,online,hqdc-leaf-325-intel-10gfiber-d4.internal.synopsys.com,2022-01-12 00:15:02.765974,1,leaf,HQDC
apic,online,hqdc-leaf-324-intel-c9.internal.synopsys.com,2022-01-12 00:15:02.765974,1,leaf,HQDC
apic,online,hqdc-leaf-323-intel-c8.internal.synopsys.com,2022-01-12 00:15:02.765974,1,leaf,HQDC
apic,online,hqdc-leaf-322-intel-c7.internal.synopsys.com,2022-01-12 00:15:02.765974,1,leaf,HQDC
apic,online,hqdc-leaf-321-intel-c6.internal.synopsys.com,2022-01-12 00:15:02.765974,1,leaf,HQDC
apic,online,hqdc-leaf-320-intel-c5.internal.synopsys.com,2022-01-12 00:15:02.765974,1,leaf,HQDC
apic,online,hqdc-leaf-319-intel-c4.internal.synopsys.com,2022-01-12 00:15:02.765974,1,leaf,HQDC
apic,online,hqdc-leaf-318-intel-c3.internal.synopsys.com,2022-01-12 00:15:02.765974,1,leaf,HQDC
apic,online,hqdc-leaf-317-intel-c2.internal.synopsys.com,2022-01-12 00:15:02.765974,1,leaf,HQDC
apic,online,hqdc-leaf-316-intel-c1.internal.synopsys.com,2022-01-12 00:15:02.765974,1,leaf,HQDC
apic,online,hqdc-leaf-315-intel-b7.internal.synopsys.com,2022-01-12 00:15:02.765974,1,leaf,HQDC
apic,online,hqdc-leaf-314-intel-b6.internal.synopsys.com,2022-01-12 00:15:02.765974,1,leaf,HQDC
apic,online,hqdc-leaf-313-intel-b5.internal.synopsys.com,2022-01-12 00:15:02.765974,1,leaf,HQDC
apic,online,hqdc-leaf-312-intel-b4.internal.synopsys.com,2022-01-12 00:15:02.765974,1,leaf,HQDC
apic,online,hqdc-leaf-311-intel-b3.internal.synopsys.com,2022-01-12 00:15:02.765974,1,leaf,HQDC
apic,online,hqdc-leaf-310-intel-b2.internal.synopsys.com,2022-01-12 00:15:02.765974,1,leaf,HQDC
apic,online,hqdc-leaf-309-intel-b1.internal.synopsys.com,2022-01-12 00:15:02.765974,1,leaf,HQDC
apic,online,hqdc-leaf-308-intel-s8.internal.synopsys.com,2022-01-12 00:15:02.765974,1,leaf,HQDC
apic,online,hqdc-leaf-307-intel-a7.internal.synopsys.com,2022-01-12 00:15:02.765974,1,leaf,HQDC
apic,online,hqdc-leaf-306-intel-a6.internal.synopsys.com,2022-01-12 00:15:02.765974,1,leaf,HQDC
apic,online,hqdc-leaf-305-intel-a5.internal.synopsys.com,2022-01-12 00:15:02.765974,1,leaf,HQDC
apic,online,hqdc-leaf-304-intel-a4.internal.synopsys.com,2022-01-12 00:15:02.765974,1,leaf,HQDC
apic,online,hqdc-leaf-303-intel-a3.internal.synopsys.com,2022-01-12 00:15:02.765974,1,leaf,HQDC
apic,online,hqdc-leaf-302-intel-a2.internal.synopsys.com,2022-01-12 00:15:02.765974,1,leaf,HQDC
apic,online,hqdc-leaf-301-intel-a1.internal.synopsys.com,2022-01-12 00:15:02.765974,1,leaf,HQDC
apic,online,hqdc-leaf-299-snps-f11.internal.synopsys.com,2022-01-12 00:15:02.765974,1,leaf,HQDC
apic,online,hqdc-leaf-296-snps-f5.internal.synopsys.com,2022-01-12 00:15:02.765974,1,leaf,HQDC
apic,online,hqdc-leaf-295-snps-f3.internal.synopsys.com,2022-01-12 00:15:02.765974,1,leaf,HQDC
apic,online,hqdc-leaf-292-snps-g14.internal.synopsys.com,2022-01-12 00:15:02.765974,1,leaf,HQDC
apic,online,hqdc-leaf-288-snps-g10.internal.synopsys.com,2022-01-12 00:15:02.765974,1,leaf,HQDC
apic,online,hqdc-leaf-287-snps-a7.internal.synopsys.com,2022-01-12 00:15:02.765974,1,leaf,HQDC
apic,online,hqdc-leaf-283-snps-10gfiber-h7.internal.synopsys.com,2022-01-12 00:15:02.765974,1,leaf,HQDC
apic,online,hqdc-leaf-282-snps-10gfiber-h10.internal.synopsys.com,2022-01-12 00:15:02.765974,1,leaf,HQDC
apic,online,hqdc-leaf-277-snps-g5.internal.synopsys.com,2022-01-12 00:15:02.765974,1,leaf,HQDC
apic,online,hqdc-leaf-275-snps-g3.internal.synopsys.com,2022-01-12 00:15:02.765974,1,leaf,HQDC
apic,online,hqdc-leaf-274-snps-g2.internal.synopsys.com,2022-01-12 00:15:02.765974,1,leaf,HQDC
apic,online,hqdc-leaf-272-snps-40gfiber-h9.internal.synopsys.com,2022-01-12 00:15:02.765974,1,leaf,HQDC
apic,online,hqdc-leaf-271-snps-h8.internal.synopsys.com,2022-01-12 00:15:02.765974,1,leaf,HQDC
apic,online,hqdc-leaf-271-snps-40gfiber-h8.internal.synopsys.com,2022-01-12 00:15:02.765974,1,leaf,HQDC
apic,online,hqdc-leaf-265-snps-e09.internal.synopsys.com,2022-01-12 00:15:02.765974,1,leaf,HQDC
apic,online,hqdc-leaf-264-snps-e7.internal.synopsys.com,2022-01-12 00:15:02.765974,1,leaf,HQDC
apic,online,hqdc-leaf-261-snps-d14.internal.synopsys.com,2022-01-12 00:15:02.765974,1,leaf,HQDC
apic,online,hqdc-leaf-262-snps-e1.internal.synopsys.com,2022-01-12 00:15:02.765974,1,leaf,HQDC
apic,online,hqdc-leaf-255-snps-d6.internal.synopsys.com,2022-01-12 00:15:02.765974,1,leaf,HQDC
apic,online,hqdc-leaf-254-mgmt.internal.synopsys.com,2022-01-12 00:15:02.765974,1,leaf,HQDC
apic,online,hqdc-leaf-253-mgmt.internal.synopsys.com,2022-01-12 00:15:02.765974,1,leaf,HQDC
apic,online,hqdc-leaf-253-254-vl2007-darkfiber.internal.synopsys.com,2022-01-12 00:15:02.765974,1,leaf,HQDC
apic,online,hqdc-leaf-252-snps-d5.internal.synopsys.com,2022-01-12 00:15:02.765974,1,leaf,HQDC
apic,online,hqdc-leaf-249-snps-d2.internal.synopsys.com,2022-01-12 00:15:02.765974,1,leaf,HQDC
apic,online,hqdc-leaf-248-snps-d1.internal.synopsys.com,2022-01-12 00:15:02.765974,1,leaf,HQDC
apic,online,hqdc-leaf-243-snps-f15.internal.synopsys.com,2022-01-12 00:15:02.765974,1,leaf,HQDC
apic,online,hqdc-leaf-235.internal.synopsys.com,2022-01-12 00:15:02.765974,1,leaf,HQDC
apic,online,hqdc-leaf-234.internal.synopsys.com,2022-01-12 00:15:02.765974,1,leaf,HQDC
apic,online,hqdc-leaf-233.internal.synopsys.com,2022-01-12 00:15:02.765974,1,leaf,HQDC
apic,online,hqdc-leaf-226-snps-b8.internal.synopsys.com,2022-01-12 00:15:02.765974,1,leaf,HQDC
apic,online,hqdc-leaf-225-snps-b7.internal.synopsys.com,2022-01-12 00:15:02.765974,1,leaf,HQDC
apic,online,hqdc-leaf-224-snps-b6.internal.synopsys.com,2022-01-12 00:15:02.765974,1,leaf,HQDC
apic,online,hqdc-leaf-221-snps-b3.internal.synopsys.com,2022-01-12 00:15:02.765974,1,leaf,HQDC
apic,online,hqdc-leaf-222-snps-b4.internal.synopsys.com,2022-01-12 00:15:02.765974,1,leaf,HQDC
apic,online,hqdc-leaf-220-snps-b2.internal.synopsys.com,2022-01-12 00:15:02.765974,1,leaf,HQDC
apic,online,hqdc-leaf-219-snps-b1.internal.synopsys.com,2022-01-12 00:15:02.765974,1,leaf,HQDC
apic,online,hqdc-leaf-216-snps-a14.internal.synopsys.com,2022-01-12 00:15:02.765974,1,leaf,HQDC
apic,online,hqdc-leaf-215-snps-a13.internal.synopsys.com,2022-01-12 00:15:02.765974,1,leaf,HQDC
apic,online,hqdc-leaf-214-snps-a12.internal.synopsys.com,2022-01-12 00:15:02.765974,1,leaf,HQDC
apic,online,hqdc-leaf-213-snps-a11.internal.synopsys.com,2022-01-12 00:15:02.765974,1,leaf,HQDC
apic,online,hqdc-leaf-212-snps-a10.internal.synopsys.com,2022-01-12 00:15:02.765974,1,leaf,HQDC
apic,online,hqdc-leaf-211-snps-a9.internal.synopsys.com,2022-01-12 00:15:02.765974,1,leaf,HQDC
apic,online,hqdc-leaf-210-snps-a8.internal.synopsys.com,2022-01-12 00:15:02.765974,1,leaf,HQDC
apic,online,hqdc-leaf-209-snps-c3.internal.synopsys.com,2022-01-12 00:15:02.765974,1,leaf,HQDC
apic,online,hqdc-leaf-208-snps-c2.internal.synopsys.com,2022-01-12 00:15:02.765974,1,leaf,HQDC
apic,online,hqdc-leaf-207-snps-a5.internal.synopsys.com,2022-01-12 00:15:02.765974,1,leaf,HQDC
apic,online,hqdc-leaf-206-snps-a4.internal.synopsys.com,2022-01-12 00:15:02.765974,1,leaf,HQDC
apic,online,hqdc-leaf-205-snps-a3.internal.synopsys.com,2022-01-12 00:15:02.765974,1,leaf,HQDC
apic,online,hqdc-leaf-204-snps-a2.internal.synopsys.com,2022-01-12 00:15:02.765974,1,leaf,HQDC
apic,online,hqdc-leaf-203-snps-a1.internal.synopsys.com,2022-01-12 00:15:02.765974,1,leaf,HQDC
apic,online,cn58-spine-101-d05.internal.synopsys.com,2022-01-12 00:15:02.765974,1,spine,CN58
apic,online,cn58-spine-102-d06.internal.synopsys.com,2022-01-12 00:15:02.765974,1,spine,CN58
apic,online,cn58-leaf-227-za07.internal.synopsys.com,2022-01-12 00:15:02.765974,1,leaf,CN58
apic,online,cn58-leaf-226-za02.internal.synopsys.com,2022-01-12 00:15:02.765974,1,leaf,CN58
apic,online,cn58-leaf-225-sa08.internal.synopsys.com,2022-01-12 00:15:02.765974,1,leaf,CN58
apic,online,cn58-leaf-224-sa06.internal.synopsys.com,2022-01-12 00:15:02.765974,1,leaf,CN58
apic,online,cn58-leaf-223-sa04.internal.synopsys.com,2022-01-12 00:15:02.765974,1,leaf,CN58
apic,online,cn58-leaf-222-sa02.internal.synopsys.com,2022-01-12 00:15:02.765974,1,leaf,CN58
apic,online,cn58-leaf-221-a09.internal.synopsys.com,2022-01-12 00:15:02.765974,1,leaf,CN58
apic,online,cn58-leaf-220-a07.internal.synopsys.com,2022-01-12 00:15:02.765974,1,leaf,CN58
apic,online,cn58-leaf-219-a05.internal.synopsys.com,2022-01-12 00:15:02.765974,1,leaf,CN58
apic,online,cn58-leaf-218-a03.internal.synopsys.com,2022-01-12 00:15:02.765974,1,leaf,CN58
apic,online,cn58-leaf-217-a01.internal.synopsys.com,2022-01-12 00:15:02.765974,1,leaf,CN58
apic,online,cn58-leaf-216-b09.internal.synopsys.com,2022-01-12 00:15:02.765974,1,leaf,CN58
apic,online,cn58-leaf-215-b07.internal.synopsys.com,2022-01-12 00:15:02.765974,1,leaf,CN58
apic,online,cn58-leaf-214-b05.internal.synopsys.com,2022-01-12 00:15:02.765974,1,leaf,CN58
apic,online,cn58-leaf-213-b03.internal.synopsys.com,2022-01-12 00:15:02.765974,1,leaf,CN58
apic,online,cn58-leaf-212-b01.internal.synopsys.com,2022-01-12 00:15:02.765974,1,leaf,CN58
apic,online,cn58-leaf-211-c09.internal.synopsys.com,2022-01-12 00:15:02.765974,1,leaf,CN58
apic,online,cn58-leaf-210-c07.internal.synopsys.com,2022-01-12 00:15:02.765974,1,leaf,CN58
apic,online,cn58-leaf-209-c05.internal.synopsys.com,2022-01-12 00:15:02.765974,1,leaf,CN58
apic,online,cn58-leaf-208-c03.internal.synopsys.com,2022-01-12 00:15:02.765974,1,leaf,CN58
apic,online,cn58-leaf-207-c01.internal.synopsys.com,2022-01-12 00:15:02.765974,1,leaf,CN58
apic,online,cn58-leaf-206-d09.internal.synopsys.com,2022-01-12 00:15:02.765974,1,leaf,CN58
apic,online,cn58-leaf-205-d07.internal.synopsys.com,2022-01-12 00:15:02.765974,1,leaf,CN58
apic,online,cn58-leaf-204-d06.internal.synopsys.com,2022-01-12 00:15:02.765974,1,leaf,CN58
apic,online,cn58-leaf-203-d05.internal.synopsys.com,2022-01-12 00:15:02.765974,1,leaf,CN58
apic,online,cn58-leaf-202-d03.internal.synopsys.com,2022-01-12 00:15:02.765974,1,leaf,CN58
apic,online,cn58-leaf-201-d01.internal.synopsys.com,2022-01-12 00:15:02.765974,1,leaf,CN58
apic,online,cn58-fabric-l3-out-snps-leaf204.internal.synopsys.com,2022-01-12 00:15:02.765974,1,leaf,CN58
apic,online,cn58-fabric-l3-out-snps-leaf203.internal.synopsys.com,2022-01-12 00:15:02.765974,1,leaf,CN58
apic,online,cn08-scs-spine-102.internal.synopsys.com,2022-01-12 00:15:02.765974,1,spine,CN08
apic,online,cn08-scs-spine-101.internal.synopsys.com,2022-01-12 00:15:02.765974,1,spine,CN08
apic,online,cn08-scs-leaf-202.internal.synopsys.com,2022-01-12 00:15:02.765974,1,leaf,CN08
apic,online,cn08-scs-leaf-201.internal.synopsys.com,2022-01-12 00:15:02.765974,1,leaf,CN08
apic,online,badc-sc9-spine-2.internal.synopsys.com,2022-01-12 00:15:02.765974,1,spine,BADC
apic,online,badc-sc9-spine-1.internal.synopsys.com,2022-01-12 00:15:02.765974,1,spine,BADC
apic,online,badc-sc9-leaf-201-h9.internal.synopsys.com,2022-01-12 00:15:02.765974,1,leaf,BADC
apic,online,badc-sc9-leaf-201-h19.internal.synopsys.com,2022-01-12 00:15:02.765974,1,leaf,BADC
apic,online,badc-sc8-east-aci-l3-leaf210-eth-1-50.internal.synopsys.com,2022-01-12 00:15:02.765974,1,leaf,BADC
apic,online,badc-sc8-east-aci-l3-leaf210-eth-1-49.internal.synopsys.com,2022-01-12 00:15:02.765974,1,leaf,BADC
apic,online,badc-sc8-east-aci-l3-leaf209-eth-1-50.internal.synopsys.com,2022-01-12 00:15:02.765974,1,leaf,BADC
apic,online,badc-sc8-east-aci-l3-leaf209-eth-1-49.internal.synopsys.com,2022-01-12 00:15:02.765974,1,leaf,BADC
apic,online,badc-sc5-core-leaf212-l3-out.internal.synopsys.com.internal.synopsys.com,2022-01-12 00:15:02.765974,1,leaf,BADC
apic,online,badc-sc5-core-leaf211-l3-out.internal.synopsys.com.internal.synopsys.com,2022-01-12 00:15:02.765974,1,leaf,BADC
apic,online,badc-sc5-core-leaf211-212-l3-vip.internal.synopsys.com.internal.synopsys.com,2022-01-12 00:15:02.765974,1,leaf,BADC
apic,online,badc-sc5-2-leaf212-l3-out.internal.synopsys.com.internal.synopsys.com,2022-01-12 00:15:02.765974,1,leaf,BADC
apic,online,badc-sc5-2-leaf211-212-l3-vip.internal.synopsys.com.internal.synopsys.com,2022-01-12 00:15:02.765974,1,leaf,BADC
apic,online,badc-sc5-2-leaf211-l3-out.internal.synopsys.com.internal.synopsys.com,2022-01-12 00:15:02.765974,1,leaf,BADC
apic,online,badc-aci-leaf-1.internal.synopsys.com,2022-01-12 00:15:02.765974,1,leaf,BADC
apic,online,badc-201-spine-2.internal.synopsys.com,2022-01-12 00:15:02.765974,1,spine,BADC
apic,online,badc-201-spine-1.internal.synopsys.com,2022-01-12 00:15:02.765974,1,spine,BADC
apic,online,badc-201-leaf-rack-h8.internal.synopsys.com,2022-01-12 00:15:02.765974,1,leaf,BADC
apic,online,badc-201-leaf-rack-h6.internal.synopsys.com,2022-01-12 00:15:02.765974,1,leaf,BADC
apic,online,badc-201-leaf-rack-h22.internal.synopsys.com,2022-01-12 00:15:02.765974,1,leaf,BADC
apic,online,badc-201-leaf-rack-h20.internal.synopsys.com,2022-01-12 00:15:02.765974,1,leaf,BADC
apic,online,badc-201-leaf-rack-h16.internal.synopsys.com,2022-01-12 00:15:02.765974,1,leaf,BADC
apic,online,badc-201-leaf-rack-h14.internal.synopsys.com,2022-01-12 00:15:02.765974,1,leaf,BADC
apic,online,badc-201-leaf-rack-h12.internal.synopsys.com,2022-01-12 00:15:02.765974,1,leaf,BADC
apic,online,badc-201-leaf-rack-h10.internal.synopsys.com,2022-01-12 00:15:02.765974,1,leaf,BADC
apic,online,badc-201-leaf-rack-g41.internal.synopsys.com,2022-01-12 00:15:02.765974,1,leaf,BADC
apic,online,badc-201-leaf-rack-g39.internal.synopsys.com,2022-01-12 00:15:02.765974,1,leaf,BADC
apic,online,badc-201-leaf-rack-g37.internal.synopsys.com,2022-01-12 00:15:02.765974,1,leaf,BADC
apic,online,badc-201-leaf-rack-g35.internal.synopsys.com,2022-01-12 00:15:02.765974,1,leaf,BADC
apic,online,badc-201-leaf-rack-g33.internal.synopsys.com,2022-01-12 00:15:02.765974,1,leaf,BADC
apic,online,badc-201-leaf-rack-f35.internal.synopsys.com,2022-01-12 00:15:02.765974,1,leaf,BADC
apic,online,badc-201-leaf-rack-f37.internal.synopsys.com,2022-01-12 00:15:02.765974,1,leaf,BADC
apic,online,badc-201-leaf-rack-f33.internal.synopsys.com,2022-01-12 00:15:02.765974,1,leaf,BADC
apic,online,badc-201-leaf-rack-f31.internal.synopsys.com,2022-01-12 00:15:02.765974,1,leaf,BADC
apic,online,badc-201-leaf-210-loopback.internal.synopsys.com,2022-01-12 00:15:02.765974,1,leaf,BADC
apic,online,badc-201-leaf-209-loopback.internal.synopsys.com,2022-01-12 00:15:02.765974,1,leaf,BADC
apic,offline,sdc-fabric-sig-ew-leaf203-204.internal.synopsys.com,2022-01-12 00:15:02.765974,0,leaf,SDC
apic,offline,sdc-fabric-l3-out-lab-leaf204.internal.synopsys.com,2022-01-12 00:15:02.765974,0,leaf,SDC
apic,offline,sdc-fabric-l3-out-lab-leaf203.internal.synopsys.com,2022-01-12 00:15:02.765974,0,leaf,SDC
apic,offline,sdc-fabric-l3-out-dmz-leaf204.internal.synopsys.com,2022-01-12 00:15:02.765974,0,leaf,SDC
apic,offline,sdc-fabric-l3-out-dmz-leaf203.internal.synopsys.com,2022-01-12 00:15:02.765974,0,leaf,SDC
apic,offline,sdc-fabric-l3-out-b2b-leaf204.internal.synopsys.com,2022-01-12 00:15:02.765974,0,leaf,SDC
apic,offline,sdc-fabric-l3-out-b2b-leaf203.internal.synopsys.com,2022-01-12 00:15:02.765974,0,leaf,SDC
apic,offline,mdc-fabric-l3-out-snps-leaf202.internal.synopsys.com,2022-01-12 00:15:02.765974,0,leaf,MDC
apic,offline,mdc-leaf-202-rack2.internal.synopsys.com,2022-01-12 00:15:02.765974,0,leaf,MDC
apic,offline,mdc-fabric-l3-out-snps-leaf201.internal.synopsys.com,2022-01-12 00:15:02.765974,0,leaf,MDC
apic,offline,hqdc-sc-fabric-l3out-leaf201.internal.synopsys.com,2022-01-12 00:15:02.765974,0,leaf,HQDC
apic,offline,hqdc-sc-fabric-l3out-leaf202.internal.synopsys.com,2022-01-12 00:15:02.765974,0,leaf,HQDC
apic,offline,hqdc-leaf-614-dsa-b12.internal.synopsys.com,2022-01-12 00:15:02.765974,0,leaf,HQDC
apic,offline,hqdc-leaf-504-sdv-b2.internal.synopsys.com,2022-01-12 00:15:02.765974,0,leaf,HQDC
apic,offline,hqdc-leaf-410-lava-c4.internal.synopsys.com,2022-01-12 00:15:02.765974,0,leaf,HQDC
apic,offline,hqdc-leaf-327-intel-d6.internal.synopsys.com,2022-01-12 00:15:02.765974,0,leaf,HQDC
apic,offline,hqdc-leaf-298-snps-f9.internal.synopsys.com,2022-01-12 00:15:02.765974,0,leaf,HQDC
apic,offline,hqdc-leaf-297-snps-f7.internal.synopsys.com,2022-01-12 00:15:02.765974,0,leaf,HQDC
apic,offline,hqdc-leaf-294-snps-f1.internal.synopsys.com,2022-01-12 00:15:02.765974,0,leaf,HQDC
apic,offline,hqdc-leaf-293-snps-g15.internal.synopsys.com,2022-01-12 00:15:02.765974,0,leaf,HQDC
apic,offline,hqdc-leaf-291-snps-g13.internal.synopsys.com,2022-01-12 00:15:02.765974,0,leaf,HQDC
apic,offline,hqdc-leaf-290-snps-g12.internal.synopsys.com,2022-01-12 00:15:02.765974,0,leaf,HQDC
apic,offline,hqdc-leaf-289-snps-g11.internal.synopsys.com,2022-01-12 00:15:02.765974,0,leaf,HQDC
apic,offline,hqdc-leaf-286-snps-a6.internal.synopsys.com,2022-01-12 00:15:02.765974,0,leaf,HQDC
apic,offline,hqdc-leaf-285-snps-sa2.internal.synopsys.com,2022-01-12 00:15:02.765974,0,leaf,HQDC
apic,offline,hqdc-leaf-284-snps-sa5.internal.synopsys.com,2022-01-12 00:15:02.765974,0,leaf,HQDC
apic,offline,hqdc-leaf-283-snps-h07.internal.synopsys.com,2022-01-12 00:15:02.765974,0,leaf,HQDC
apic,offline,hqdc-leaf-282-snps-h10.internal.synopsys.com,2022-01-12 00:15:02.765974,0,leaf,HQDC
apic,offline,hqdc-leaf-281-snps-g9.internal.synopsys.com,2022-01-12 00:15:02.765974,0,leaf,HQDC
apic,offline,hqdc-leaf-280-snps-g8.internal.synopsys.com,2022-01-12 00:15:02.765974,0,leaf,HQDC
apic,offline,hqdc-leaf-279-snps-g7.internal.synopsys.com,2022-01-12 00:15:02.765974,0,leaf,HQDC
apic,offline,hqdc-leaf-278-snps-g6.internal.synopsys.com,2022-01-12 00:15:02.765974,0,leaf,HQDC
apic,offline,hqdc-leaf-276-snps-g4.internal.synopsys.com,2022-01-12 00:15:02.765974,0,leaf,HQDC
apic,offline,hqdc-leaf-273-snps-g1.internal.synopsys.com,2022-01-12 00:15:02.765974,0,leaf,HQDC
apic,offline,hqdc-leaf-272-snps-h9.internal.synopsys.com,2022-01-12 00:15:02.765974,0,leaf,HQDC
apic,offline,hqdc-leaf-270-snps-h7.internal.synopsys.com,2022-01-12 00:15:02.765974,0,leaf,HQDC
apic,offline,hqdc-leaf-269-snps-h6.internal.synopsys.com,2022-01-12 00:15:02.765974,0,leaf,HQDC
apic,offline,hqdc-leaf-268-snps-e6.internal.synopsys.com,2022-01-12 00:15:02.765974,0,leaf,HQDC
apic,offline,hqdc-leaf-267-snps-e15.internal.synopsys.com,2022-01-12 00:15:02.765974,0,leaf,HQDC
apic,offline,hqdc-leaf-266-snps-e11.internal.synopsys.com,2022-01-12 00:15:02.765974,0,leaf,HQDC
apic,offline,hqdc-leaf-263-snps-e3.internal.synopsys.com,2022-01-12 00:15:02.765974,0,leaf,HQDC
apic,offline,hqdc-leaf-256-snps-e13.internal.synopsys.com,2022-01-12 00:15:02.765974,0,leaf,HQDC
apic,offline,hqdc-leaf-257-snps-d10.internal.synopsys.com,2022-01-12 00:15:02.765974,0,leaf,HQDC
apic,offline,hqdc-leaf-245-snps-sa1.internal.synopsys.com,2022-01-12 00:15:02.765974,0,leaf,HQDC
apic,offline,hqdc-leaf-244-snps-f17.internal.synopsys.com,2022-01-12 00:15:02.765974,0,leaf,HQDC
apic,offline,hqdc-leaf-242-snps-f13.internal.synopsys.com,2022-01-12 00:15:02.765974,0,leaf,HQDC
apic,offline,hqdc-leaf-241-snps-c6.internal.synopsys.com,2022-01-12 00:15:02.765974,0,leaf,HQDC
apic,offline,hqdc-leaf-240-snps-c5.internal.synopsys.com,2022-01-12 00:15:02.765974,0,leaf,HQDC
apic,offline,hqdc-leaf-239-snps-c4.internal.synopsys.com,2022-01-12 00:15:02.765974,0,leaf,HQDC
apic,offline,hqdc-leaf-231-snps-b13.internal.synopsys.com,2022-01-12 00:15:02.765974,0,leaf,HQDC
apic,offline,hqdc-leaf-229-snps-b11.internal.synopsys.com,2022-01-12 00:15:02.765974,0,leaf,HQDC
apic,offline,hqdc-leaf-228-snps-b10.internal.synopsys.com,2022-01-12 00:15:02.765974,0,leaf,HQDC
apic,offline,hqdc-leaf-223-snps-b5.internal.synopsys.com,2022-01-12 00:15:02.765974,0,leaf,HQDC
apic,offline,hqdc-leaf-218-snps-a16.internal.synopsys.com,2022-01-12 00:15:02.765974,0,leaf,HQDC
apic,offline,hq-dmz-spine-2-mgmt.internal.synopsys.com,2022-01-12 00:15:02.765974,0,spine,HQ
apic,offline,hq-dmz-spine-1-mgmt.internal.synopsys.com,2022-01-12 00:15:02.765974,0,spine,HQ
apic,offline,hq-dmz-spine-1-dc8-wan.internal.synopsys.com,2022-01-12 00:15:02.765974,0,spine,HQ
apic,offline,hq-dmz-leaf-4-mgmt.internal.synopsys.com,2022-01-12 00:15:02.765974,0,leaf,HQ
apic,offline,hq-dmz-leaf-3-mgmt.internal.synopsys.com,2022-01-12 00:15:02.765974,0,leaf,HQ
apic,offline,hq-dmz-leaf-2-mgmt.internal.synopsys.com,2022-01-12 00:15:02.765974,0,leaf,HQ
apic,offline,hq-dmz-leaf-1-mgmt.internal.synopsys.com,2022-01-12 00:15:02.765974,0,leaf,HQ
apic,offline,dc8-wan-hq-dmz-spine-1.internal.synopsys.com,2022-01-12 00:15:02.765974,0,spine,DC8
apic,offline,cn58-fabric-l3-out-dsa-leaf204.internal.synopsys.com,2022-01-12 00:15:02.765974,0,leaf,CN58
apic,offline,cn58-fabric-l3-out-dsa-leaf203.internal.synopsys.com,2022-01-12 00:15:02.765974,0,leaf,CN58
apic,offline,cn58-fabric-l3-out-dmz-leaf204.internal.synopsys.com,2022-01-12 00:15:02.765974,0,leaf,CN58
apic,offline,cn58-fabric-l3-out-dmz-leaf203.internal.synopsys.com,2022-01-12 00:15:02.765974,0,leaf,CN58
